stID;Time;Temperature;Humidity
B4:E6:2D:48:03:41;28.02.2026 19:25:05;24.4;33.7
B4:E6:2D:48:03:41;28.02.2026 19:25:07;24.4;33.7
B4:E6:2D:48:03:41;28.02.2026 19:25:08;24.5;33.7
B4:E6:2D:48:03:41;28.02.2026 19:25:09;24.5;33.7
B4:E6:2D:48:03:41;28.02.2026 19:25:10;24.4;33.7
B4:E6:2D:48:03:41;28.02.2026 19:25:12;24.4;33.7
B4:E6:2D:48:03:41;28.02.2026 19:25:13;24.4;33.6
B4:E6:2D:48:03:41;28.02.2026 19:25:14;24.4;33.6
B4:E6:2D:48:03:41;28.02.2026 19:25:15;24.4;33.6
B4:E6:2D:48:03:41;28.02.2026 19:25:17;24.4;33.6
B4:E6:2D:48:03:41;28.02.2026 19:25:18;24.5;33.6
B4:E6:2D:48:03:41;28.02.2026 19:25:19;24.5;33.6
B4:E6:2D:48:03:41;28.02.2026 19:25:23;24.5;33.6
B4:E6:2D:48:03:41;28.02.2026 19:25:24;24.5;33.6
B4:E6:2D:48:03:41;28.02.2026 19:25:25;24.5;33.7
B4:E6:2D:48:03:41;28.02.2026 19:25:26;24.5;33.7
B4:E6:2D:48:03:41;28.02.2026 19:25:28;24.5;33.6
B4:E6:2D:48:03:41;28.02.2026 19:25:29;24.5;33.6
B4:E6:2D:48:03:41;28.02.2026 19:25:30;24.4;33.6
B4:E6:2D:48:03:41;28.02.2026 19:25:32;24.4;33.6
B4:E6:2D:48:03:41;28.02.2026 19:25:33;24.5;33.6
B4:E6:2D:48:03:41;28.02.2026 19:25:34;24.5;33.6
B4:E6:2D:48:03:41;28.02.2026 19:25:35;24.5;33.6
B4:E6:2D:48:03:41;28.02.2026 19:25:37;24.5;33.6
B4:E6:2D:48:03:41;28.02.2026 19:25:38;24.5;33.6
B4:E6:2D:48:03:41;28.02.2026 19:25:39;24.5;33.6
B4:E6:2D:48:03:41;28.02.2026 19:25:41;24.5;33.6
B4:E6:2D:48:03:41;28.02.2026 19:25:42;24.5;33.6
B4:E6:2D:48:03:41;28.02.2026 19:25:43;24.5;33.6
B4:E6:2D:48:03:41;28.02.2026 19:25:44;24.5;33.6
B4:E6:2D:48:03:41;28.02.2026 19:25:46;24.5;33.6
B4:E6:2D:48:03:41;28.02.2026 19:25:47;24.5;33.6
B4:E6:2D:48:03:41;28.02.2026 19:25:48;21.3;33.0
B4:E6:2D:48:03:41;28.02.2026 19:25:49;21.3;33.0
B4:E6:2D:48:03:41;28.02.2026 19:25:53;22.0;33.5
B4:E6:2D:48:03:41;28.02.2026 19:25:54;22.0;33.5
B4:E6:2D:48:03:41;28.02.2026 19:25:58;22.4;34.5
B4:E6:2D:48:03:41;28.02.2026 19:25:59;22.4;34.5
B4:E6:2D:48:03:41;28.02.2026 19:26:03;22.6;35.2
B4:E6:2D:48:03:41;28.02.2026 19:26:04;22.6;35.2
B4:E6:2D:48:03:41;28.02.2026 19:26:08;17.9;36.3
B4:E6:2D:48:03:41;28.02.2026 19:26:11;19.2;38.7
B4:E6:2D:48:03:41;28.02.2026 19:26:13;19.2;38.7
B4:E6:2D:48:03:41;28.02.2026 19:26:17;19.7;39.5
B4:E6:2D:48:03:41;28.02.2026 19:26:18;19.7;39.5
B4:E6:2D:48:03:41;28.02.2026 19:26:21;20.3;40.2
B4:E6:2D:48:03:41;28.02.2026 19:26:23;20.3;40.2
B4:E6:2D:48:03:41;28.02.2026 19:26:26;20.5;40.5
B4:E6:2D:48:03:41;28.02.2026 19:26:28;20.5;40.5
B4:E6:2D:48:03:41;28.02.2026 19:26:31;20.9;40.5
B4:E6:2D:48:03:41;28.02.2026 19:26:35;21.2;40.3
B4:E6:2D:48:03:41;28.02.2026 19:26:37;21.2;40.3
B4:E6:2D:48:03:41;28.02.2026 19:26:40;21.4;40.2
B4:E6:2D:48:03:41;28.02.2026 19:26:41;21.4;40.2
B4:E6:2D:48:03:41;28.02.2026 19:26:43;21.7;40.0
B4:E6:2D:48:03:41;28.02.2026 19:26:47;21.8;39.8
B4:E6:2D:48:03:41;28.02.2026 19:26:48;21.8;39.8
B4:E6:2D:48:03:41;28.02.2026 19:26:49;22.0;39.5
B4:E6:2D:48:03:41;28.02.2026 19:26:50;22.0;39.5
B4:E6:2D:48:03:41;28.02.2026 19:26:51;22.1;39.3
B4:E6:2D:48:03:41;28.02.2026 19:26:53;22.1;39.3
B4:E6:2D:48:03:41;28.02.2026 19:26:54;22.1;39.1
B4:E6:2D:48:03:41;28.02.2026 19:26:56;22.1;39.1
B4:E6:2D:48:03:41;28.02.2026 19:26:57;22.2;39.0
B4:E6:2D:48:03:41;28.02.2026 19:26:58;22.2;39.0
B4:E6:2D:48:03:41;28.02.2026 19:26:59;22.3;38.7
B4:E6:2D:48:03:41;28.02.2026 19:27:01;22.3;38.7
B4:E6:2D:48:03:41;28.02.2026 19:27:02;22.4;38.6
B4:E6:2D:48:03:41;28.02.2026 19:27:03;22.4;38.6
B4:E6:2D:48:03:41;28.02.2026 19:27:04;22.5;38.4
B4:E6:2D:48:03:41;28.02.2026 19:27:05;22.5;38.4
B4:E6:2D:48:03:41;28.02.2026 19:27:07;22.5;38.2
B4:E6:2D:48:03:41;28.02.2026 19:27:08;22.5;38.2
B4:E6:2D:48:03:41;28.02.2026 19:27:09;22.6;38.0
B4:E6:2D:48:03:41;28.02.2026 19:27:10;22.6;38.0
B4:E6:2D:48:03:41;28.02.2026 19:27:12;22.7;37.9
B4:E6:2D:48:03:41;28.02.2026 19:27:13;22.7;37.9
B4:E6:2D:48:03:41;28.02.2026 19:27:14;22.8;37.8
B4:E6:2D:48:03:41;28.02.2026 19:27:15;22.8;37.8
B4:E6:2D:48:03:41;28.02.2026 19:27:17;22.8;37.7
B4:E6:2D:48:03:41;28.02.2026 19:27:18;22.8;37.7
B4:E6:2D:48:03:41;28.02.2026 19:27:20;22.9;37.5
B4:E6:2D:48:03:41;28.02.2026 19:27:21;22.9;37.5
B4:E6:2D:48:03:41;28.02.2026 19:27:22;22.9;37.3
B4:E6:2D:48:03:41;28.02.2026 19:27:23;22.9;37.3
B4:E6:2D:48:03:41;28.02.2026 19:27:24;23.0;37.1
B4:E6:2D:48:03:41;28.02.2026 19:27:26;23.0;37.1
B4:E6:2D:48:03:41;28.02.2026 19:27:27;23.0;37.0
B4:E6:2D:48:03:41;28.02.2026 19:27:28;23.0;37.0
B4:E6:2D:48:03:41;28.02.2026 19:27:29;23.1;36.9
B4:E6:2D:48:03:41;28.02.2026 19:27:31;23.1;36.9
B4:E6:2D:48:03:41;28.02.2026 19:27:32;23.1;36.7
B4:E6:2D:48:03:41;28.02.2026 19:27:33;23.1;36.7
B4:E6:2D:48:03:41;28.02.2026 19:27:34;23.1;36.6
B4:E6:2D:48:03:41;28.02.2026 19:27:36;23.1;36.6
B4:E6:2D:48:03:41;28.02.2026 19:27:37;23.2;36.5
B4:E6:2D:48:03:41;28.02.2026 19:27:38;23.2;36.5
B4:E6:2D:48:03:41;28.02.2026 19:27:39;23.2;36.4
B4:E6:2D:48:03:41;28.02.2026 19:27:41;23.2;36.4
B4:E6:2D:48:03:41;28.02.2026 19:27:42;23.3;36.3
B4:E6:2D:48:03:41;28.02.2026 19:27:43;23.3;36.3
B4:E6:2D:48:03:41;28.02.2026 19:27:47;23.3;36.3
B4:E6:2D:48:03:41;28.02.2026 19:27:50;23.3;36.2
B4:E6:2D:48:03:41;28.02.2026 19:27:52;23.3;36.2
B4:E6:2D:48:03:41;28.02.2026 19:27:55;23.4;36.0
B4:E6:2D:48:03:41;28.02.2026 19:27:59;23.4;35.9
B4:E6:2D:48:03:41;28.02.2026 19:28:00;23.4;35.9
B4:E6:2D:48:03:41;28.02.2026 19:28:04;23.5;35.8
B4:E6:2D:48:03:41;28.02.2026 19:28:08;23.5;35.6
B4:E6:2D:48:03:41;28.02.2026 19:28:09;23.5;35.6
B4:E6:2D:48:03:41;28.02.2026 19:28:13;23.5;35.6
B4:E6:2D:48:03:41;28.02.2026 19:28:16;23.6;35.5
B4:E6:2D:48:03:41;28.02.2026 19:28:18;23.6;35.5
B4:E6:2D:48:03:41;28.02.2026 19:28:21;23.7;35.4
B4:E6:2D:48:03:41;28.02.2026 19:28:25;23.7;35.3
B4:E6:2D:48:03:41;28.02.2026 19:28:26;23.7;35.3
B4:E6:2D:48:03:41;28.02.2026 19:28:30;23.7;35.2
B4:E6:2D:48:03:41;28.02.2026 19:28:34;23.7;35.2
B4:E6:2D:48:03:41;28.02.2026 19:28:35;23.7;35.2
B4:E6:2D:48:03:41;28.02.2026 19:28:39;23.8;35.1
B4:E6:2D:48:03:41;28.02.2026 19:28:42;23.8;35.0
B4:E6:2D:48:03:41;28.02.2026 19:28:44;23.8;35.0
B4:E6:2D:48:03:41;28.02.2026 19:28:47;23.8;34.9
B4:E6:2D:48:03:41;28.02.2026 19:28:51;23.8;34.8
B4:E6:2D:48:03:41;28.02.2026 19:28:52;23.8;34.8
B4:E6:2D:48:03:41;28.02.2026 19:28:56;23.9;34.8
B4:E6:2D:48:03:41;28.02.2026 19:29:00;23.9;34.7
B4:E6:2D:48:03:41;28.02.2026 19:29:01;23.9;34.7
B4:E6:2D:48:03:41;28.02.2026 19:29:05;23.9;34.6
B4:E6:2D:48:03:41;28.02.2026 19:29:08;24.0;34.6
B4:E6:2D:48:03:41;28.02.2026 19:29:09;24.0;34.6
B4:E6:2D:48:03:41;28.02.2026 19:29:13;24.0;34.6
B4:E6:2D:48:03:41;28.02.2026 19:29:17;24.0;34.6
B4:E6:2D:48:03:41;28.02.2026 19:29:18;24.0;34.6
B4:E6:2D:48:03:41;28.02.2026 19:29:22;24.0;34.5
B4:E6:2D:48:03:41;28.02.2026 19:29:25;24.0;34.5
B4:E6:2D:48:03:41;28.02.2026 19:29:27;24.0;34.5
B4:E6:2D:48:03:41;28.02.2026 19:29:30;24.1;34.4
B4:E6:2D:48:03:41;28.02.2026 19:29:34;24.1;34.4
B4:E6:2D:48:03:41;28.02.2026 19:29:35;24.1;34.4
B4:E6:2D:48:03:41;28.02.2026 19:29:39;24.1;34.4
B4:E6:2D:48:03:41;28.02.2026 19:29:43;24.2;34.4
B4:E6:2D:48:03:41;28.02.2026 19:29:44;24.2;34.4
B4:E6:2D:48:03:41;28.02.2026 19:29:48;24.2;34.4
B4:E6:2D:48:03:41;28.02.2026 19:29:51;24.2;34.3
B4:E6:2D:48:03:41;28.02.2026 19:29:53;24.2;34.3
B4:E6:2D:48:03:41;28.02.2026 19:29:56;24.2;34.2
B4:E6:2D:48:03:41;28.02.2026 19:30:00;24.2;34.2
B4:E6:2D:48:03:41;28.02.2026 19:30:01;24.2;34.2
B4:E6:2D:48:03:41;28.02.2026 19:30:05;24.2;34.1
B4:E6:2D:48:03:41;28.02.2026 19:30:09;24.3;34.1
B4:E6:2D:48:03:41;28.02.2026 19:30:10;24.3;34.1
B4:E6:2D:48:03:41;28.02.2026 19:30:14;24.3;34.0
B4:E6:2D:48:03:41;28.02.2026 19:30:17;24.3;34.0
B4:E6:2D:48:03:41;28.02.2026 19:30:19;24.3;34.0
B4:E6:2D:48:03:41;28.02.2026 19:30:22;24.3;34.0
B4:E6:2D:48:03:41;28.02.2026 19:30:26;24.3;34.0
B4:E6:2D:48:03:41;28.02.2026 19:30:27;24.3;34.0
B4:E6:2D:48:03:41;28.02.2026 19:30:31;24.3;34.0
B4:E6:2D:48:03:41;28.02.2026 19:30:35;24.3;34.0
B4:E6:2D:48:03:41;28.02.2026 19:30:36;24.3;34.0
B4:E6:2D:48:03:41;28.02.2026 19:30:40;24.3;33.9
B4:E6:2D:48:03:41;28.02.2026 19:30:43;24.3;33.9
B4:E6:2D:48:03:41;28.02.2026 19:30:45;24.3;33.9
B4:E6:2D:48:03:41;28.02.2026 19:30:48;24.3;33.8
B4:E6:2D:48:03:41;28.02.2026 19:30:52;24.3;33.9
B4:E6:2D:48:03:41;28.02.2026 19:30:53;24.3;33.9
B4:E6:2D:48:03:41;28.02.2026 19:30:57;24.3;33.8
B4:E6:2D:48:03:41;28.02.2026 19:31:01;24.3;33.8
B4:E6:2D:48:03:41;28.02.2026 19:31:03;24.3;33.8
